year,month,kgms_000,mean,std,milk_z,index,n_obs
2016,1,208036,207132.45454545456,6859.370369992224,0.13172425540661767,-0.11025893998223214,29
2016,2,171624,169826.45454545456,6377.939045861705,0.28183797957614065,0.024227237681054434,24
2016,3,162357,172621.54545454544,8500.660896231966,-1.2074996967700877,0.16527012670024233,36
2016,4,134607,146264.0909090909,8241.571057201963,-1.4144258210216205,-0.4616626862806546,35
2016,5,82798,94232.90909090909,8302.620025685203,-1.3772651350457752,0.526859683802559,24
2016,6,13013,19870.18181818182,3476.833180300195,-1.9722493034853517,-0.11327623540580595,17
2016,7,19923,24999.090909090908,3057.822933217209,-1.6600342858146566,0.03823694395298225,27
2016,8,113130,118111.0,5584.631291917733,-0.891912060015255,-0.16362574557464182,22
2016,9,210113,216739.9,7570.952185088004,-0.8753060167322883,-0.1454133995405083,36
2016,10,247431,260403.1,8109.454652852229,-1.5996266771696546,-0.18477348043916447,16
2016,11,234770,243114.3,5648.270808152016,-1.4773193926815367,0.12899917513658124,17
2016,12,225501,225552.5,6255.264045408292,-0.008233065722909624,0.06796732564082608,17
2017,1,209690,207132.45454545456,6859.370369992224,0.3728542587135939,-0.22680954170124765,25
2017,2,171172,169826.45454545456,6377.939045861705,0.2109686914330879,0.2880377626687208,28
2017,3,178463,172621.54545454544,8500.660896231966,0.6871765168333985,-0.5960313214926956,15
2017,4,143763,146264.0909090909,8241.571057201963,-0.3034725893560444,0.01490530596716501,29
2017,5,84037,94232.90909090909,8302.620025685203,-1.228035133411713,0.13418338104086672,31
2017,6,15672,19870.18181818182,3476.833180300195,-1.2074728928522658,0.21042049375094452,26
2017,7,21496,24999.090909090908,3057.822933217209,-1.1456160103440725,-0.30262114069875534,15
2017,8,111385,118111.0,5584.631291917733,-1.204376734724474,-0.013871744785691016,25
2017,9,207418,216739.9,7570.952185088004,-1.2312718099528768,-0.4358685964716843,26
2017,10,254558,260403.1,8109.454652852229,-0.7207759646259552,0.018745798027885913,24
2017,11,242644,243114.3,5648.270808152016,-0.0832644212669859,-0.08402358506684639,21
2017,12,215089,225552.5,6255.264045408292,-1.6727511299352398,-0.2668364991884617,29
2018,1,194128,207132.45454545456,6859.370369992224,-1.8958670904177026,0.5291153317153326,27
2018,2,165225,169826.45454545456,6377.939045861705,-0.7214641771216346,0.6466300745045866,21
2018,3,174572,172621.54545454544,8500.660896231966,0.22944740053318963,-0.05087158861220827,34
2018,4,148177,146264.0909090909,8241.571057201963,0.23210490786674431,0.2123126819773533,21
2018,5,88812,94232.90909090909,8302.620025685203,-0.6529154741682531,-0.14810763285849673,22
2018,6,17565,19870.18181818182,3476.833180300195,-0.6630119130371354,0.17060497410200953,22
2018,7,22470,24999.090909090908,3057.822933217209,-0.8270887374207736,-0.1467703092811552,16
2018,8,116478,118111.0,5584.631291917733,-0.2924096354155614,0.5412904851619209,18
2018,9,219511,216739.9,7570.952185088004,0.3660173690514194,0.09502640031309763,26
2018,10,271080,260403.1,8109.454652852229,1.3165990139971684,0.3283183219711423,22
2018,11,248156,243114.3,5648.270808152016,0.8926094677902917,-0.18299361705043737,33
2018,12,228238,225552.5,6255.264045408292,0.42931840774512225,0.3589318417742579,24
2019,1,209036,207132.45454545456,6859.370369992224,0.2775102308038222,0.07648260998046323,23
2019,2,165025,169826.45454545456,6377.939045861705,-0.7528222692203305,0.05282245163293334,37
2019,3,161433,172621.54545454544,8500.660896231966,-1.316197127626267,0.10332350730575417,35
2019,4,136728,146264.0909090909,8241.571057201963,-1.1570719760715673,0.1780883331804518,22
2019,5,87839,94232.90909090909,8302.620025685203,-0.7701073963554546,-0.02723933921325912,17
2019,6,19917,19870.18181818182,3476.833180300195,0.01346575443522942,0.05329016173307553,27
2019,7,23539,24999.090909090908,3057.822933217209,-0.47749360933555146,-0.07244275360109233,23
2019,8,119066,118111.0,5584.631291917733,0.1710050225485984,0.1382352923972154,27
2019,9,220982,216739.9,7570.952185088004,0.5603126127721934,0.40793049177549057,19
2019,10,266907,260403.1,8109.454652852229,0.80201447303395,0.1532769190553155,22
2019,11,249135,243114.3,5648.270808152016,1.065936851205944,-0.0966221677684422,29
2019,12,228700,225552.5,6255.264045408292,0.5031762012205445,-0.06676504320681696,19
2020,1,211377,207132.45454545456,6859.370369992224,0.618795199208678,-0.3597808308820844,33
2020,2,167874,169826.45454545456,6377.939045861705,-0.30612624727440746,-0.409478988825569,24
2020,3,161619,172621.54545454544,8500.660896231966,-1.2943164759604127,-0.3644054830307219,29
2020,4,135699,146264.0909090909,8241.571057201963,-1.281926811740405,-0.6562533306425643,12
2020,5,91147,94232.90909090909,8302.620025685203,-0.3716789497005089,-0.08294363695999625,32
2020,6,20321,19870.18181818182,3476.833180300195,0.1296634490180676,0.20684612565378874,15
2020,7,24795,24999.090909090908,3057.822933217209,-0.0667438610894906,0.13949319048583733,26
2020,8,124643,118111.0,5584.631291917733,1.1696385416622457,-0.20486277052360904,28
2020,9,224952,216739.9,7570.952185088004,1.0846852283884223,0.18934280413966056,22
2020,10,267666,260403.1,8109.454652852229,0.8956089294420695,-0.029631701654637986,26
2020,11,242303,243114.3,5648.270808152016,-0.14363688065895464,1.3080321356680666,9
2020,12,231027,225552.5,6255.264045408292,0.8751828796129852,0.347642456534044,18
2021,1,212222,207132.45454545456,6859.370369992224,0.7419843484193157,0.22621361391762101,28
2021,2,172916,169826.45454545456,6377.939045861705,0.48441125453371614,-0.12837500850468217,30
2021,3,175606,172621.54545454544,8500.660896231966,0.3510850017293901,-0.22253964716332167,29
2021,4,151501,146264.0909090909,8241.571057201963,0.6354260679864882,-0.12298279751681064,24
2021,5,99675,94232.90909090909,8302.620025685203,0.6554666951221563,-0.1772874646325069,22
2021,6,20642,19870.18181818182,3476.833180300195,0.22198884496136229,0.04519385083758116,12
2021,7,26600,24999.090909090908,3057.822933217209,0.5235453869870539,0.14947204910165238,16
2021,8,119435,118111.0,5584.631291917733,0.23707921450716676,0.23109287228330808,23
2021,9,215896,216739.9,7570.952185088004,-0.11146550385857242,-0.17200174706232113,39
2021,10,259461,260403.1,8109.454652852229,-0.11617304002910402,-0.21215113466077098,15
2021,11,239452,243114.3,5648.270808152016,-0.6483931320563238,-0.23282792886898343,28
2021,12,218357,225552.5,6255.264045408292,-1.1503111535766253,0.2346885661786983,43
2022,1,199256,207132.45454545456,6859.370369992224,-1.1482766085808378,-0.1644311394714092,51
2022,2,160430,169826.45454545456,6377.939045861705,-1.4732744351878688,0.0058034150262108635,54
2022,3,173051,172621.54545454544,8500.660896231966,0.050520136104349286,-0.032603914474649096,21
2022,4,143603,146264.0909090909,8241.571057201963,-0.3228863636097023,-0.25501654504599747,51
2022,5,92893,94232.90909090909,8302.620025685203,-0.16138388686509927,0.18419493402841086,41
2022,6,20872,19870.18181818182,3476.833180300195,0.28814099781792857,0.02379970739877408,36
2022,7,25146,24999.090909090908,3057.822933217209,0.048043687982457936,-0.16990190113632764,34
2022,8,113595,118111.0,5584.631291917733,-0.8086478343764087,0.08997207476913087,57
2022,9,207787,216739.9,7570.952185088004,-1.1825328942948445,0.2415993455043099,27
2022,10,252061,260403.1,8109.454652852229,-1.0286881617946964,-0.12440805757654105,55
2022,11,237324,243114.3,5648.270808152016,-1.0251456059158823,-0.04477980348068159,38
2022,12,219566,225552.5,6255.264045408292,-0.9570339407805527,0.23528886216920417,47
2023,1,203101,207132.45454545456,6859.370369992224,-0.5877295331785866,0.4045157046620855,49
2023,2,164082,169826.45454545456,6377.939045861705,-0.9006756734656817,0.27086473108140685,49
2023,3,174732,172621.54545454544,8500.660896231966,0.24826946648231157,0.5782405674798888,71
2023,4,154060,146264.0909090909,8241.571057201963,0.94592511995593,0.2547903824271785,55
2023,5,100742,94232.90909090909,8302.620025685203,0.7839803446326844,-0.18119064095157575,34
2023,6,20784,19870.18181818182,3476.833180300195,0.2628306088988945,0.1518679292800857,40
2023,7,25116,24999.090909090908,3057.822933217209,0.03823278635237686,-0.0110974004698296,48
2023,8,112564,118111.0,5584.631291917733,-0.9932616335885605,0.15590223120116298,69
2023,9,210436,216739.9,7570.952185088004,-0.832642955058726,-0.08068723961692141,37
2023,10,254432,260403.1,8109.454652852229,-0.7363133842668288,0.013250535512575956,50
2023,11,239213,243114.3,5648.270808152016,-0.69070696723134,0.27478446934343864,53
2023,12,225182,225552.5,6255.264045408292,-0.05923011359879642,-0.1212296003646516,34
2024,1,201791,207132.45454545456,6859.370369992224,-0.7787091609489245,0.08028754335855964,40
2024,2,174718,169826.45454545456,6377.939045861705,0.7669476643429662,0.13772976939920634,74
2024,3,172573,172621.54545454544,8500.660896231966,-0.005710785918652484,-0.13014302198089273,40
2024,4,149987,146264.0909090909,8241.571057201963,0.45172322911124985,0.28521294924364626,48
2024,5,96364,94232.90909090909,8302.620025685203,0.25667691674412574,0.030154525331558903,55
2024,6,20334,19870.18181818182,3476.833180300195,0.1334024837447431,-0.2814031439087123,41
2024,7,27429,24999.090909090908,3057.822933217209,0.7946533020316274,0.004227751638178896,44
2024,8,123823,118111.0,5584.631291917733,1.0228070039765382,0.15848656135315656,39
2024,9,221291,216739.9,7570.952185088004,0.6011265014939603,0.1470444170879093,61
2024,10,261483,260403.1,8109.454652852229,0.13316555135062944,0.3530116871775172,42
2024,11,245773,243114.3,5648.270808152016,0.47071043338835183,-0.021599523600525677,59
2024,12,228298,225552.5,6255.264045408292,0.43891032897569654,-0.2924727390192798,46
2025,1,211853,207132.45454545456,6859.370369992224,0.6881893234977473,0.1399128282255551,56
2025,2,171157,169826.45454545456,6377.939045861705,0.20861683452568572,-0.2600856630359042,44
2025,3,173986,172621.54545454544,8500.660896231966,0.16051158399453055,-0.40322117954741954,46
2025,4,150138,146264.0909090909,8241.571057201963,0.47004497856313954,0.28955991154469707,64
2025,5,103525,94232.90909090909,8302.620025685203,1.119175739747773,-0.15710099577935824,62
2025,6,24051,19870.18181818182,3476.833180300195,1.2024787975180338,-0.07727424517052513,49
2025,7,28130,24999.090909090908,3057.822933217209,1.0239013701211885,0.23342410693722757,41
2025,8,126991,118111.0,5584.631291917733,1.5900781154257106,-0.0009314234919534178,78
2025,9,229013,216739.9,7570.952185088004,1.6210774681913205,0.08211720783005781,55
2025,10,268952,260403.1,8109.454652852229,1.0541892600624143,0.08886243174702065,36
2025,11,252373,243114.3,5648.270808152016,1.6392096474264564,0.1140767700507556,60
2025,12,235567,225552.5,6255.264045408292,1.6009715860597753,0.14461326909001998,51
2026,1,217967,207132.45454545456,6859.370369992224,1.5795247770762557,-0.2793501191319925,28
2026,2,183868,169826.45454545456,6377.939045861705,2.2015803778583036,0.15559267076921302,30
2026,3,190445,172621.54545454544,8500.660896231966,2.0967139805982673,0.19708962827346455,90
2026,4,160642,146264.0909090909,8241.571057201963,1.7445592583157838,-0.1496006473691844,64
2026,5,108730,94232.90909090909,8302.620025685203,1.7460862793000682,0.21939799324764223,46
2026,6,25401,19870.18181818182,3476.833180300195,1.590763172980488,-0.016628039273349614,27
2026,7,30346,24999.090909090908,3057.822933217209,1.7485999705298436,-0.008296137421737083,72
