safra,year,month,crush_t,crush_z,index,n_obs
2016,2017,1,1771174,0.3199270767125499,-0.1401896974806577,127
2016,2017,2,2071478,1.2346513100288785,0.073317959854511,288
2016,2017,3,11243165,0.8893510183644089,-0.02817925424348016,227
2017,2017,4,41944660,-0.09944755086202722,-0.25965635536594983,233
2017,2017,5,70264271,-0.9305421458513925,-0.32922320755947204,233
2017,2017,6,87221754,0.596031881424207,-0.099692198315437,269
2017,2017,7,98906990,1.00382323905413,-0.18504595387552017,386
2017,2017,8,84511828,-0.6256254919077328,0.03229265490966911,220
2017,2017,9,85933088,1.267751867384001,0.08262154638096386,420
2017,2017,10,62664066,0.025460257276678357,0.07319674432828521,275
2017,2017,11,38720618,-0.07568205975902387,0.2136243888861154,201
2017,2017,12,13072653,0.07963821710386067,-0.07044683382309512,99
2017,2018,1,587187,-0.5372917213457138,0.030734993479789707,129
2017,2018,2,1307716,0.40541021319303755,-0.04798782915585238,201
2017,2018,3,11194848,0.8792117704926325,0.07163829798684315,330
2018,2018,4,60170442,1.1473045175549483,-0.032789105793534015,300
2018,2018,5,75417959,-0.3564919469869768,-0.07820013840036606,365
2018,2018,6,88059560,0.6830227943858691,0.07854985363749308,226
2018,2018,7,92879705,0.21816433179679848,-0.07653278438370896,409
2018,2018,8,77214178,-1.8192157412528178,-0.08413944675378462,312
2018,2018,9,66601039,-1.213263811960584,0.10233776233343815,226
2018,2018,10,50606835,-1.1130805485222501,0.1954821555144345,165
2018,2018,11,36102976,-0.3070574645060221,0.4816850143797398,73
2018,2018,12,15459327,0.3650692660730137,0.27454966593111296,160
2018,2019,1,1119648,-0.1517844662551586,0.06990733402808946,269
2018,2019,2,823279,-0.12055870019603422,-0.15684373674688992,108
2018,2019,3,8713800,0.35856767723818767,0.19207148146220862,269
2019,2019,4,45628290,0.15253468626682815,0.24478952432598952,222
2019,2019,5,83344142,0.5263761908175918,0.33078680693896373,212
2019,2019,6,88986925,0.7793127803715169,0.016977359214595873,349
2019,2019,7,90802740,-0.05256885110590536,-0.03771494597977344,285
2019,2019,8,90714389,0.38885400910534673,0.10604882539332751,355
2019,2019,9,74742245,-0.1684464863488907,0.04010978150913909,335
2019,2019,10,70350512,0.7512763607062262,0.17798329309820615,318
2019,2019,11,30771712,-0.778292020573315,-0.2051128975274378,217
2019,2019,12,3308548,-1.0880867140744033,0.3389061092467506,118
2019,2020,1,214402,-0.8071919057515812,0.1996638930022756,170
2019,2020,2,628876,-0.3316283226022,0.15856491971429298,142
2019,2020,3,10431144,0.7189496648845215,0.17338873875278685,247
2020,2020,4,60702094,1.1836726816577574,0.32321424267333104,370
2020,2020,5,84763601,0.6844844661400182,-0.028038724336835668,322
2020,2020,6,84928388,0.35790753987588336,0.08476476602829326,269
2020,2020,7,97595865,0.8329175933483488,0.13113694288360858,335
2020,2020,8,88828749,0.08044218916672731,0.09835544062855252,372
2020,2020,9,85056157,1.15520924136938,0.09246311752682149,396
2020,2020,10,63918685,0.14393148232251565,-0.21421634974786702,242
2020,2020,11,29101037,-0.9259642784014257,-0.15602487487430336,222
2020,2020,12,2482398,-1.186889005927361,-0.16086211588504745,148
2020,2021,1,257085,-0.7762889735762103,-0.05772922318596256,102
2020,2021,2,1155875,0.24055153027263707,-0.03787230762928132,212
2020,2021,3,6672335,-0.06983060197111639,-0.049253535621459184,227
2021,2021,4,45340226,0.13282939253312345,-0.10104959093582531,384
2021,2021,5,85229923,0.736426344816968,0.029986545968798444,209
2021,2021,6,82099133,0.06414087378451257,-0.03710309603980579,268
2021,2021,7,93162512,0.2550283325176411,-0.11923701009318581,371
2021,2021,8,88146619,-0.03112574253536348,-0.1690146385960561,322
2021,2021,9,74607330,-0.18576106228332862,-0.2805344122713545,351
2021,2021,10,36796079,-2.4172032998349176,-0.2817636347011691,162
2021,2021,11,16457233,-2.0435599114336416,-0.3889139742610959,353
2021,2021,12,777105,-1.3908312157933729,-0.1586367052342119,451
2021,2022,2,159380,-0.8413753092289763,-0.035052522275856826,311
2021,2022,3,1323483,-1.1922789381146428,-0.22745124721324045,319
2022,2022,4,29302234,-0.9642648061824601,-0.055918331995666475,486
2022,2022,5,78082086,-0.05974471778915582,-0.10747923829246411,521
2022,2022,6,80754925,-0.07543067515446583,-0.06595096886428825,432
2022,2022,7,95542838,0.5653047379101545,-0.006485952075164423,659
2022,2022,8,83007547,-0.8716629332587258,-0.2487287979721692,255
2022,2022,9,64941786,-1.426207236064234,-0.04796849759959196,166
2022,2022,10,59829630,-0.24219000565894022,0.15798129076881887,368
2022,2022,11,42679695,0.2742638240935165,0.1152572189038669,561
2022,2022,12,8251286,-0.4969666481920526,-0.3433676875932247,143
2022,2023,1,747130,-0.4214913399075452,0.04452699829662755,163
2022,2023,2,144973,-0.8570174549263453,0.19581426824825895,177
2022,2023,3,5341214,-0.3491642892101178,-0.0016989134239089982,373
2023,2023,4,35290913,-0.554603485184804,0.0176144145161218,558
2023,2023,5,91329065,1.4157871594418172,0.15857053243838232,608
2023,2023,6,83863242,0.24731150335016924,0.11841976396488506,499
2023,2023,7,101638289,1.359849109364401,0.186288133148032,568
2023,2023,8,94523656,1.0118907330304465,0.14795651945104063,650
2023,2023,9,86855586,1.3861424219581189,0.2610430845188021,633
2023,2023,10,67586474,0.49027364359988074,0.10620036746318305,391
2023,2023,11,58880592,1.7062736637275953,0.2236127677301503,506
2023,2023,12,24236631,1.4147790663394695,0.1395867262588406,526
2023,2024,1,1820072,0.35532973298111786,0.018988843181317577,462
2023,2024,2,1100316,0.18022932767666808,-0.0073072926808856915,469
2023,2024,3,7324331,0.06698975226045231,0.0764808254082239,478
2024,2024,4,51115273,0.5278770120237576,-0.05665810632867637,516
2024,2024,5,90424220,1.3149998296322767,0.016223885497664153,646
2024,2024,6,98405587,1.7572694985823119,0.028557775286887785,725
2024,2024,7,95001963,0.4948014745896363,-0.09040975131470906,641
2024,2024,8,89262553,0.1513943757647274,-0.10676503875506403,797
2024,2024,9,81833684,0.7416469728656854,-0.2174190796909892,776
2024,2024,10,61142552,-0.11821334204263059,-0.13638700682207366,453
2024,2024,11,36674438,-0.25654549550967765,-0.008632065608274758,283
2024,2024,12,10528909,-0.22457740607257198,-0.09118411287559572,181
2024,2025,1,540427,-0.5711464435658095,0.009459481647113908,406
2024,2025,2,527313,-0.44189855536834766,-0.035469241625933026,413
2024,2025,3,6469950,-0.1123007818359561,-0.072457304241824,561
2025,2025,4,34631274,-0.5997267225667997,-0.09171437282591147,310
2025,2025,5,90319438,1.3033285511347403,-0.07868602432817368,596
2025,2025,6,81621819,0.014580497480949771,-0.06619278753183667,642
2025,2025,7,100418846,1.2008942474584845,0.06989263355677568,687
2025,2025,8,98044806,1.5878035688723198,-0.017728027109764462,747
2025,2025,9,87086866,1.4158241854545188,0.003541481704613318,572
2025,2025,10,65280244,0.27250084298275207,-0.14270065516025165,346
2025,2025,11,34774470,-0.42448513928309844,-0.07247033273091519,511
2025,2025,12,8185542,-0.5048292129509715,0.03851418932426234,275
2025,2026,1,1214024,-0.08345526898732823,-0.1608482454310472,265
2025,2026,2,713735,-0.23949416269847,-0.04696504340075187,313
2025,2026,3,8861750,0.38961475637450227,-0.055157076585107954,422
2026,2026,4,60412599,1.1638694989989078,0.014922139795195244,685
2026,2026,5,84293929,0.6321694433832956,0.06593108138394992,514
