safra,quinzena,producao
2010/2011,1ª Abr,815708
2010/2011,1ª Ago,2745897
2010/2011,1ª Dez,367226
2010/2011,1ª Fev,3874
2010/2011,1ª Jan,8446
2010/2011,1ª Jul,2511238
2010/2011,1ª Jun,2304216
2010/2011,1ª Mai,1867237
2010/2011,1ª Mar,6578
2010/2011,1ª Nov,1464270
2010/2011,1ª Out,1500980
2010/2011,1ª Set,2649088
2010/2011,2ª Abr,1526906
2010/2011,2ª Ago,2958587
2010/2011,2ª Dez,69874
2010/2011,2ª Fev,3157
2010/2011,2ª Jan,2351
2010/2011,2ª Jul,2773017
2010/2011,2ª Jun,2549961
2010/2011,2ª Mai,2227148
2010/2011,2ª Mar,62492
2010/2011,2ª Nov,1031841
2010/2011,2ª Out,1924338
2010/2011,2ª Set,1969976
2011/2012,1ª Abr,157569
2011/2012,1ª Ago,2659354
2011/2012,1ª Dez,143308
2011/2012,1ª Fev,8515
2011/2012,1ª Jan,12244
2011/2012,1ª Jul,2585422
2011/2012,1ª Jun,2020245
2011/2012,1ª Mai,1556265
2011/2012,1ª Mar,3693
2011/2012,1ª Nov,1272120
2011/2012,1ª Out,1781248
2011/2012,1ª Set,2762937
2011/2012,2ª Abr,603509
2011/2012,2ª Ago,2969808
2011/2012,2ª Dez,35267
2011/2012,2ª Fev,6615
2011/2012,2ª Jan,16282
2011/2012,2ª Jul,2825943
2011/2012,2ª Jun,2597813
2011/2012,2ª Mai,2410300
2011/2012,2ª Mar,3691
2011/2012,2ª Nov,504018
2011/2012,2ª Out,1476369
2011/2012,2ª Set,2844885
2012/2013,1ª Abr,142339
2012/2013,1ª Ago,3028091
2012/2013,1ª Dez,1044380
2012/2013,1ª Fev,0
2012/2013,1ª Jan,13898
2012/2013,1ª Jul,2634640
2012/2013,1ª Jun,1366225
2012/2013,1ª Mai,1024036
2012/2013,1ª Mar,4983
2012/2013,1ª Nov,1742343
2012/2013,1ª Out,2790446
2012/2013,1ª Set,3135972
2012/2013,2ª Abr,393166
2012/2013,2ª Ago,3338315
2012/2013,2ª Dez,109951
2012/2013,2ª Fev,6356
2012/2013,2ª Jan,634
2012/2013,2ª Jul,2971344
2012/2013,2ª Jun,1795183
2012/2013,2ª Mai,1959522
2012/2013,2ª Mar,51424
2012/2013,2ª Nov,1834101
2012/2013,2ª Out,2541394
2012/2013,2ª Set,2206735
2013/2014,1ª Abr,196856
2013/2014,1ª Ago,2923188
2013/2014,1ª Dez,881624
2013/2014,1ª Fev,1
2013/2014,1ª Jan,8260
2013/2014,1ª Jul,2417440
2013/2014,1ª Jun,1798030
2013/2014,1ª Mai,2081047
2013/2014,1ª Mar,3158
2013/2014,1ª Nov,1974949
2013/2014,1ª Out,1907232
2013/2014,1ª Set,2977237
2013/2014,2ª Abr,1456707
2013/2014,2ª Ago,3229199
2013/2014,2ª Dez,254283
2013/2014,2ª Fev,0
2013/2014,2ª Jan,2253
2013/2014,2ª Jul,2541255
2013/2014,2ª Jun,1510223
2013/2014,2ª Mai,1857804
2013/2014,2ª Mar,161925
2013/2014,2ª Nov,1432574
2013/2014,2ª Out,2464842
2013/2014,2ª Set,2304133
2014/2015,1ª Abr,421415
2014/2015,1ª Ago,2797835
2014/2015,1ª Dez,383182
2014/2015,1ª Fev,4734
2014/2015,1ª Jan,14544
2014/2015,1ª Jul,2548853
2014/2015,1ª Jun,2320660
2014/2015,1ª Mai,1912138
2014/2015,1ª Mar,23251
2014/2015,1ª Nov,1193871
2014/2015,1ª Out,2363987
2014/2015,1ª Set,2502101
2014/2015,2ª Abr,940386
2014/2015,2ª Ago,3018162
2014/2015,2ª Dez,123401
2014/2015,2ª Fev,4036
2014/2015,2ª Jan,13522
2014/2015,2ª Jul,2238223
2014/2015,2ª Jun,2584913
2014/2015,2ª Mai,2023833
2014/2015,2ª Mar,142670
2014/2015,2ª Nov,758827
2014/2015,2ª Out,2040895
2014/2015,2ª Set,1635276
2015/2016,1ª Abr,395716
2015/2016,1ª Ago,2882838
2015/2016,1ª Dez,644413
2015/2016,1ª Fev,49734
2015/2016,1ª Jan,26462
2015/2016,1ª Jul,1451524
2015/2016,1ª Jun,1977086
2015/2016,1ª Mai,1223087
2015/2016,1ª Mar,140528
2015/2016,1ª Nov,1202624
2015/2016,1ª Out,2099223
2015/2016,1ª Set,1671747
2015/2016,2ª Abr,1053241
2015/2016,2ª Ago,2850454
2015/2016,2ª Dez,387676
2015/2016,2ª Fev,12943
2015/2016,2ª Jan,93592
2015/2016,2ª Jul,2805419
2015/2016,2ª Jun,2530301
2015/2016,2ª Mai,1975542
2015/2016,2ª Mar,464651
2015/2016,2ª Nov,706762
2015/2016,2ª Out,2180043
2015/2016,2ª Set,2395881
2016/2017,1ª Abr,1437979
2016/2017,1ª Ago,2979475
2016/2017,1ª Dez,375231
2016/2017,1ª Fev,9134
2016/2017,1ª Jan,35495
2016/2017,1ª Jul,2842474
2016/2017,1ª Jun,1202897
2016/2017,1ª Mai,2070997
2016/2017,1ª Mar,72612
2016/2017,1ª Nov,1367162
2016/2017,1ª Out,2254754
2016/2017,1ª Set,2418751
2016/2017,2ª Abr,1813391
2016/2017,2ª Ago,2547589
2016/2017,2ª Dez,131464
2016/2017,2ª Fev,19176
2016/2017,2ª Jan,11359
2016/2017,2ª Jul,3116171
2016/2017,2ª Jun,2803088
2016/2017,2ª Mai,1687254
2016/2017,2ª Mar,270098
2016/2017,2ª Nov,1136247
2016/2017,2ª Out,2062461
2016/2017,2ª Set,2962260
2017/2018,1ª Abr,707217
2017/2018,1ª Ago,3169878
2017/2018,1ª Dez,511250
2017/2018,1ª Fev,4622
2017/2018,1ª Jan,2829
2017/2018,1ª Jul,3114260
2017/2018,1ª Jun,2389515
2017/2018,1ª Mai,2115719
2017/2018,1ª Mar,47656
2017/2018,1ª Nov,1254653
2017/2018,1ª Out,1990216
2017/2018,1ª Set,3137398
2017/2018,2ª Abr,1132428
2017/2018,2ª Ago,2545222
2017/2018,2ª Dez,116133
2017/2018,2ª Fev,5019
2017/2018,2ª Jan,3794
2017/2018,2ª Jul,3424557
2017/2018,2ª Jun,2984361
2017/2018,2ª Mai,1758969
2017/2018,2ª Mar,166225
2017/2018,2ª Nov,727891
2017/2018,2ª Out,1890839
2017/2018,2ª Set,2858856
2018/2019,1ª Abr,712543
2018/2019,1ª Ago,1711019
2018/2019,1ª Dez,431561
2018/2019,1ª Fev,1647
2018/2019,1ª Jan,12923
2018/2019,1ª Jul,2395565
2018/2019,1ª Jun,1985458
2018/2019,1ª Mai,1906953
2018/2019,1ª Mar,9078
2018/2019,1ª Nov,886221
2018/2019,1ª Out,1123189
2018/2019,1ª Set,2157592
2018/2019,2ª Abr,1537501
2018/2019,2ª Ago,2382843
2018/2019,2ª Dez,73497
2018/2019,2ª Fev,1229
2018/2019,2ª Jan,5358
2018/2019,2ª Jul,2621990
2018/2019,2ª Jun,2287110
2018/2019,2ª Mai,1346126
2018/2019,2ª Mar,138833
2018/2019,2ª Nov,532831
2018/2019,2ª Out,959609
2018/2019,2ª Set,1289376
2019/2020,1ª Abr,340097
2019/2020,1ª Ago,2129667
2019/2020,1ª Dez,50176
2019/2020,1ª Fev,2508
2019/2020,1ª Jan,4274
2019/2020,1ª Jul,1942115
2019/2020,1ª Jun,1870217
2019/2020,1ª Mai,1604551
2019/2020,1ª Mar,40832
2019/2020,1ª Nov,791073
2019/2020,1ª Out,1913631
2019/2020,1ª Set,2038316
2019/2020,2ª Abr,1042176
2019/2020,2ª Ago,2521365
2019/2020,2ª Dez,12937
2019/2020,2ª Fev,0
2019/2020,2ª Jan,3648
2019/2020,2ª Jul,2480939
2019/2020,2ª Jun,2211806
2019/2020,2ª Mai,1870663
2019/2020,2ª Mar,226717
2019/2020,2ª Nov,347993
2019/2020,2ª Out,1518472
2019/2020,2ª Set,1797181
2020/2021,1ª Abr,971453
2020/2021,1ª Ago,3236295
2020/2021,1ª Dez,94179
2020/2021,1ª Fev,21350
2020/2021,1ª Jan,7698
2020/2021,1ª Jul,3030086
2020/2021,1ª Jun,2559833
2020/2021,1ª Mai,2485236
2020/2021,1ª Mar,50235
2020/2021,1ª Nov,1243714
2020/2021,1ª Out,2620948
2020/2021,1ª Set,3203981
2020/2021,2ª Abr,2033354
2020/2021,2ª Ago,2933842
2020/2021,2ª Dez,11043
2020/2021,2ª Fev,18673
2020/2021,2ª Jan,1861
2020/2021,2ª Jul,3439811
2020/2021,2ª Jun,2738218
2020/2021,2ª Mai,2557041
2020/2021,2ª Mar,173593
2020/2021,2ª Nov,430878
2020/2021,2ª Out,1735653
2020/2021,2ª Set,2865964
2021/2022,1ª Abr,632971
2021/2022,1ª Ago,2996200
2021/2022,1ª Dez,23846
2021/2022,1ª Fev,0
2021/2022,1ª Jan,0
2021/2022,1ª Jul,2979778
2021/2022,1ª Jun,2226782
2021/2022,1ª Mai,2386556
2021/2022,1ª Mar,0
2021/2022,1ª Nov,635108
2021/2022,1ª Out,1150692
2021/2022,1ª Set,2553721
2021/2022,2ª Abr,1524261
2021/2022,2ª Ago,2967888
2021/2022,2ª Dez,0
2021/2022,2ª Fev,0
2021/2022,2ª Jan,0
2021/2022,2ª Jul,3046611
2021/2022,2ª Jun,2924765
2021/2022,2ª Mai,2650087
2021/2022,2ª Mar,12473
2021/2022,2ª Nov,162937
2021/2022,2ª Out,862035
2021/2022,2ª Set,2338353
2022/2023,1ª Abr,131347
2022/2023,1ª Ago,2630688
2022/2023,1ª Dez,302783
2022/2023,1ª Fev,2356
2022/2023,1ª Jan,19410
2022/2023,1ª Jul,2976834
2022/2023,1ª Jun,2147841
2022/2023,1ª Mai,1679141
2022/2023,1ª Mar,15561
2022/2023,1ª Nov,1672693
2022/2023,1ª Out,1843292
2022/2023,1ª Set,2871330
2022/2023,2ª Abr,926832
2022/2023,2ª Ago,3147996
2022/2023,2ª Dez,173830
2022/2023,2ª Fev,350
2022/2023,2ª Jan,16647
2022/2023,2ª Jul,3307600
2022/2023,2ª Jun,2505239
2022/2023,2ª Mai,2318496
2022/2023,2ª Mar,167841
2022/2023,2ª Nov,1036010
2022/2023,2ª Out,2148119
2022/2023,2ª Set,1698953
2023/2024,1ª Abr,541750
2023/2024,1ª Ago,3463815
2023/2024,1ª Dez,941728
2023/2024,1ª Fev,27524
2023/2024,1ª Jan,43016
2023/2024,1ª Jul,3255143
2023/2024,1ª Jun,2560338
2023/2024,1ª Mai,2542255
2023/2024,1ª Mar,64299
2023/2024,1ª Nov,2198761
2023/2024,1ª Out,2262082
2023/2024,1ª Set,3126093
2023/2024,2ª Abr,1000475
2023/2024,2ª Ago,3467220
2023/2024,2ª Dez,236325
2023/2024,2ª Fev,16572
2023/2024,2ª Jan,27916
2023/2024,2ª Jul,3691589
2023/2024,2ª Jun,2703809
2023/2024,2ª Mai,2925718
2023/2024,2ª Mar,182908
2023/2024,2ª Nov,1409380
2023/2024,2ª Out,2357525
2023/2024,2ª Set,3376439
2024/2025,1ª Abr,721807
2024/2025,1ª Ago,3117761
2024/2025,1ª Dez,356348
2024/2025,1ª Fev,7226
2024/2025,1ª Jan,10782
2024/2025,1ª Jul,2960337
2024/2025,1ª Jun,3146217
2024/2025,1ª Mai,2584027
2024/2025,1ª Mar,52801
2024/2025,1ª Nov,904323
2024/2025,1ª Out,2453533
2024/2025,1ª Set,3130051
2024/2025,2ª Abr,1852831
2024/2025,2ª Ago,3275693
2024/2025,2ª Dez,65844
2024/2025,2ª Fev,9022
2024/2025,2ª Jan,7323
2024/2025,2ª Jul,3643182
2024/2025,2ª Jun,3269140
2024/2025,2ª Mai,2711157
2024/2025,2ª Mar,211427
2024/2025,2ª Nov,1079788
2024/2025,2ª Out,1776193
2024/2025,2ª Set,2832275
2025/2026,1ª Abr,735001
2025/2026,1ª Ago,3624513
2025/2026,1ª Dez,262171
2025/2026,1ª Fev,2285
2025/2026,1ª Jan,7319
2025/2026,1ª Jul,3425553
2025/2026,1ª Jun,2452571
2025/2026,1ª Mai,2421868
2025/2026,1ª Mar,6013
2025/2026,1ª Nov,989546
2025/2026,1ª Out,2493948
2025/2026,1ª Set,3631228
2025/2026,2ª Abr,859290
2025/2026,2ª Ago,3886356
2025/2026,2ª Dez,56052
2025/2026,2ª Fev,544
2025/2026,2ª Jan,4584
2025/2026,2ª Jul,3631501
2025/2026,2ª Jun,2845831
2025/2026,2ª Mai,2959449
2025/2026,2ª Mar,178528
2025/2026,2ª Nov,725282
2025/2026,2ª Out,2073670
2025/2026,2ª Set,3155349
2026/2027,1ª Abr,677138
2026/2027,1ª Mai,2157941
2026/2027,2ª Abr,1801845
2026/2027,2ª Mai,2201381
