date,eurostat_z,eurostat_level,sat_all,sat_clean,n,n_plants,sat_clean_3m
2017-02-01,0.2533492436048389,120.25999999999999,0.07207021892664146,-0.10285638055240892,11,6,-0.15572748319644558
2017-03-01,0.61196377167237,134.2,-0.19187000026197318,-0.20859858584048227,10,4,-0.10900301675407682
2017-04-01,0.48982932077840163,99.8,-0.1716131488769092,-0.015554083869339286,20,7,-0.04330438127268543
2017-05-01,-0.2904696828570939,82.64,0.03230892336790167,0.09423952589176525,19,7,0.22830164079198442
2017-06-01,-0.6738042878036722,79.8,0.3497012935861084,0.6062194803535272,18,7,0.33423100413399087
2017-07-01,0.21030027597227288,86.64,0.21172957216168836,0.30223400615668006,13,7,0.2939861264583549
2017-08-01,0.5671286304753606,89.74000000000001,-0.019016597922012206,-0.02649510713514258,13,6,0.05815478295927443
2017-09-01,0.4503964480355235,102.8,0.02982426697122576,-0.10127455014371418,11,6,0.015550242383980672
2017-10-01,0.24745364663899688,112.4,-0.05481755200562981,0.1744203844307988,14,6,0.22053388710520352
2017-11-01,0.8067742061623481,115.9,0.632677673685349,0.5884558270285261,9,4,0.2722852381034199
2017-12-01,0.826141133517994,106.3,0.17874168713970484,0.05397950285093503,11,5,0.312405759193882
2018-01-01,0.4264749838779473,117.5,0.15878259640065062,0.29478194770218513,8,3,-0.05499305767831486
2018-02-01,-0.0674701937134032,114.41666666666667,-0.26182533949694486,-0.5137406235880646,11,6,-0.1938325830398344
2018-03-01,-0.48538447668967116,116.35000000000001,-0.39449979215077297,-0.36253907323362355,7,3,-0.22044539187875314
2018-04-01,0.010628826694789048,97.8,0.18511855913091932,0.21494352118542887,17,7,0.021214881625823568
2018-05-01,-0.16249717224126134,88.96666666666665,0.5139150532000201,0.2112401969256655,16,6,0.016728231779409537
2018-06-01,-0.06415600853112731,89.14999999999999,-0.2882931429188458,-0.3759990227728656,11,5,-0.32126360571720597
2018-07-01,-0.19293293124569902,87.60000000000001,-0.6874305779205144,-0.7990319913044176,25,7,-0.6663335475434272
2018-08-01,0.3160197849976534,90.71666666666665,-0.6369735098236577,-0.8239696285529982,16,7,-0.5737335983224332
2018-09-01,-0.04260390890815293,97.85000000000001,-0.0463489389627005,-0.09819917510988385,17,5,-0.23325517093707693
2018-10-01,0.28033938956198906,109.71666666666665,0.11686139470409722,0.22240329085165128,14,6,0.14676604054133266
2018-11-01,-0.26247223525890945,103.31666666666666,0.30983893968564175,0.31609400588223063,7,5,0.2698252978540222
2018-12-01,-0.1109737526091736,98.73333333333333,0.2709785968281848,0.2709785968281848,6,3,0.1857137492400265
2019-01-01,0.48739197125627554,116.10000000000001,0.12735106576273428,-0.029931354990335817,6,3,0.1454532293577968
2019-02-01,-0.2619895043742364,113.43333333333334,0.24011653831766963,0.19531244623554156,20,6,0.0724757523098859
2019-03-01,0.21054199340609556,126.28333333333335,0.10997306323923293,0.052046165684452056,8,4,0.04049863347790272
2019-04-01,0.086479503143997,100.31666666666666,-0.12453440834423862,-0.12586271148628536,10,5,0.0033246787797688118
2019-05-01,0.6364134306784529,102.35000000000001,0.09635239458825919,0.08379058214113985,16,6,-0.19865802347919637
2019-06-01,0.5171930593636825,93.56666666666666,-0.3129978505814183,-0.5539019410924435,14,6,-0.12635632550836998
2019-07-01,0.4462663647132998,92.45,-0.05484059137143225,0.09104238242619381,20,7,-0.046435220169073387
2019-08-01,0.02433486602230861,87.66666666666667,0.1849476025109236,0.3235538981590297,15,6,0.08218777323695332
2019-09-01,-0.42091543110998825,93.85000000000001,0.003441241689386241,-0.1680329608743634,11,5,0.17837982641400182
2019-10-01,-0.45598477275385235,105.41666666666667,0.36181979348962456,0.37961854195733935,14,5,-0.058623224782791916
2019-11-01,-0.505878507069698,99.14999999999999,-0.4645676664413842,-0.38745525543135156,6,2,0.04246971029341109
2019-12-01,-0.7642415416618239,95.08333333333333,0.1352458443542456,0.1352458443542456,6,4,-0.07062857587627504
2020-01-01,-0.7194788229070418,106.93333333333334,-0.20175742970175367,0.04032368344828099,6,3,0.05052954546002895
2020-02-01,0.3702277264896583,120.43333333333334,-0.021677627841148215,-0.023980891422439622,13,4,0.17361919475075385
2020-03-01,-0.6743855698956905,114.13333333333333,0.305854872464399,0.5045147922264204,8,5,0.19613774012057303
2020-04-01,-0.3360023827696568,93.60000000000001,0.12995761599805805,0.1078793195577384,12,5,0.134602773815402
2020-05-01,0.1662713707428021,96.64999999999999,-0.396107995682944,-0.2085857903379526,16,6,0.025099375263143764
2020-06-01,0.5694510664705544,96.56666666666666,0.1822056501697109,0.17600459656964562,19,7,0.1375913860434391
2020-07-01,0.2916367246500268,90.38333333333333,0.3157835417178828,0.4453553518986244,13,6,0.23460009653223102
2020-08-01,-0.7151698879894091,80.73333333333333,0.1614132450428125,0.08244034112842319,16,7,0.19696461936534207
2020-09-01,0.25444576955562653,100.48333333333333,-0.19691476022095955,0.06309816506897872,10,4,-0.08975229962437155
2020-10-01,0.2345996683689632,111.58333333333333,-0.43688164997788975,-0.4147954050705165,14,5,0.061126902673181605
2020-11-01,-0.26776572168011964,102.55,0.037685427122174445,0.5350779480210827,7,4,0.1520817333081961
2020-12-01,0.05321381191255801,101.46666666666668,0.24761655982222425,0.3359626569740222,12,5,0.4674618521831511
2021-02-01,-0.25189239807271085,114.64999999999999,-0.14687027049508672,0.5313449515543485,6,4,0.29290857412619486
2021-03-01,0.4392582434522893,128.0,0.09065237286873566,0.011418113850213955,15,6,0.07853063081377792
2021-04-01,-0.16929704771779616,93.33333333333333,-0.03011872152246002,-0.30717117296322854,11,6,-0.20437338009117778
2021-05-01,-0.39812956013241824,84.46666666666667,-0.18253619069315927,-0.3173670811605186,10,5,-0.26449897888389245
2021-06-01,-0.46098454413338447,83.41666666666667,-0.034321320329025,-0.16895868252793003,14,7,0.0033088724836072836
2021-07-01,-0.7202203880945272,78.91666666666667,0.5152994268864967,0.49625238113927056,17,7,0.3542844501759339
2021-08-01,-0.09779195509335557,87.14999999999999,0.5541191929463166,0.7355596519164613,10,6,0.4890508139083243
2021-09-01,-0.1662568029004243,96.96666666666665,0.20433931380040787,0.23534040866924097,17,5,0.13611278425561132
2021-10-01,-0.2651656573762542,104.2,-0.10923592717476749,-0.5625617078188683,9,6,-0.3796669357162945
2021-11-01,0.3638046255401028,110.56666666666666,-0.4909476400011304,-0.811779507999256,11,3,-0.6935361740108128
2021-12-01,0.1335505377601126,105.43333333333334,-0.725454896145424,-0.7062673062143138,10,4,-0.5078671528222214
2022-01-01,-0.4697980858722908,109.60000000000001,-0.0974343582924488,-0.0055546442530942305,19,4,-0.27181456612697447
2022-02-01,-1.8469951511874614,103.33333333333333,0.07789063506655315,-0.10362174791351526,22,5,0.007586059646466183
2022-03-01,-1.0336082575586345,109.18333333333334,0.2553479193194335,0.13193457110600815,12,4,-0.05514525521307594
2022-04-01,-0.7267472347752703,89.21666666666665,0.2897608649967933,-0.1937485888317206,23,6,-0.08224827681871749
2022-05-01,-0.21666947451580398,91.68333333333334,-0.24964453375447893,-0.18493081273043993,30,7,-0.15054422107653542
2022-06-01,-1.515884008758453,81.45,0.09843875001506439,-0.07295326166744565,31,7,-0.15263624081008542
2022-07-01,-2.614893731569748,78.31666666666666,-0.5985815926602165,-0.2000246480323706,28,6,-0.22151961995271863
2022-08-01,-2.393484769667887,71.51666666666667,-0.5605051392033237,-0.39158095015833955,29,7,-0.36403808648516245
2022-09-01,-1.3253761328138232,88.05,-0.3072700361399961,-0.500508661264777,14,6,0.061078475321143445
2022-10-01,-9.7840588329747,91.63333333333333,0.5772687221654144,1.075325037386547,21,5,0.3586348308490397
2022-11-01,-2.087188467652361,86.43333333333334,0.20866634275500526,0.5010881164253491,9,3,0.5623224836103872
2022-12-01,-5.036815202547268,74.0,0.11055429701926549,0.11055429701926549,14,4,-0.34419605852927576
2023-01-01,-5.880212732592021,69.39999999999999,-1.8146536117637675,-1.6442305890324416,12,3,-0.4700899536152752
2023-02-01,-6.382983316208289,71.8,0.046610394328527656,0.12340643116735062,16,5,-0.8096893629249854
2023-03-01,-3.809096616716739,85.75,-0.8854064568093203,-0.9082439309098653,14,6,-0.17849395103789067
2023-04-01,-3.734875739482493,59.21666666666667,0.3555960471276821,0.24935564662884288,24,5,-0.4148312988299323
2023-05-01,-2.7884458090825466,67.25,-0.4371821742983734,-0.5856056122087742,31,7,-0.12449683891839992
2023-06-01,-1.8820521212167147,75.71666666666665,-0.17901291111341752,-0.03724055117526833,37,7,-0.15652157381919404
2023-07-01,-2.4007784402545136,75.88333333333334,0.1608607770065249,0.1532814419264606,27,7,0.0027596360347567905
2023-08-01,-0.6693321769094999,83.56666666666666,0.1007496813930939,-0.10776198264692172,27,7,0.3173514211205851
2023-09-01,-1.235162706833574,87.68333333333334,1.031820445353906,0.9065348040822166,23,6,0.3181255716833976
2023-10-01,-3.7526505498323375,92.13333333333333,0.10796602088922755,0.15560389361489815,24,6,0.20949316304866492
2023-11-01,-1.9398428552872,83.2,-0.5471945550628395,-0.43365920855111983,18,5,-0.02423955805180682
2023-12-01,-3.465062726778081,79.71666666666667,0.16384858673046124,0.20533664078080135,15,5,-0.5469394877267464
2024-01-01,-3.557298967818909,86.28333333333335,-1.004990717060159,-1.4124958954099205,12,2,-0.6893536868566391
2024-02-01,-2.791290862399866,95.75,-0.7833883012304438,-0.8609018059407977,12,5,-1.135123979732515
2024-03-01,-2.008114322327416,96.38333333333333,-0.8395148265712857,-1.1319742378468265,13,7,-1.2350273464520234
2024-04-01,-2.0142629144660944,76.5,-1.1606063079660496,-1.7122059955684459,16,4,-1.110925810332055
2024-05-01,-1.3978459585565641,81.25,-0.3354599898817362,-0.4885971975808926,20,5,-0.778042010756447
2024-06-01,-1.219896781805878,77.8,0.4737673577929031,-0.133322839120002,25,6,-0.036820257573556336
2024-07-01,-1.8218145293848895,78.51666666666667,0.5903033237963611,0.5114592639802258,35,7,0.15640500267172527
2024-08-01,-1.6660437798620402,74.38333333333334,0.7170590177027033,0.09107858315495221,40,6,0.06937793534133231
2024-09-01,-1.4453579224095383,85.2,0.17915203408846386,-0.3944040411111808,21,6,-0.11720201966455196
2024-10-01,-6.337972112310418,92.2,0.11258628802241037,-0.04828060103742704,24,5,-0.42136808168980094
2024-11-01,-2.3805137377358956,78.81666666666666,-0.8214196029207947,-0.8214196029207947,11,5,-0.32001937571619427
2024-12-01,-3.613907072015021,77.76666666666667,-0.09035792319036069,-0.09035792319036069,17,5,-0.5781551021033532
2025-01-01,-3.151716730026131,88.10000000000001,-0.5306327384655625,-0.822687780198904,17,3,-0.454545035480068
2025-02-01,-3.367070557324988,92.01666666666667,-0.34590988975048215,-0.45058940305093903,19,6,-0.48530493842657035
2025-03-01,-2.1252396610809168,98.48333333333333,-0.06749007143868983,-0.18263763202986752,35,7,-0.10455366067111989
2025-04-01,-1.9939361869107435,77.13333333333334,0.19754390706101338,0.31956605306744723,28,7,-0.1297869123594553
2025-05-01,-1.615632188526942,78.98333333333333,-0.36480008044476286,-0.5262891581159452,26,7,-0.008748042947478302
2025-06-01,-1.7325571311678905,73.51666666666667,0.29172336899620815,0.18047897620606346,30,6,0.08937749893449891
2025-07-01,-2.785612317977842,71.95,0.3338026991789879,0.6139426787133788,28,6,0.2385442587228238
2025-08-01,-2.721747369248527,64.8,0.01675358215316351,-0.07878887875097054,41,7,0.08153251942475737
2025-09-01,-1.7990862556161726,81.28333333333333,-0.41468488129565045,-0.2905562416881359,22,6,0.01005397377932841
2025-10-01,-8.31109727248969,86.93333333333334,0.7916139397818762,0.39950704177709195,15,4,-0.0259643863277014
2025-11-01,-1.8983836230142035,85.11666666666666,-0.2840920130022047,-0.18684395907205997,16,4,-0.029756553492165393
2025-12-01,-3.632732183683141,73.41666666666667,-0.40702028853803734,-0.30193274318152785,14,5,-0.1544701294114765
2026-01-01,-3.948905752616426,83.01666666666667,-0.19749823091186244,0.02536631401915863,10,3,-0.2809975918643684
2026-02-01,-3.707468712157414,91.25,-0.4850875180281382,-0.5664263464307357,14,4,-0.33752922238392297
2026-03-01,-1.7137457915494088,105.21666666666665,-0.28493346069466774,-0.47152763474019155,34,7,-0.28353220334376444
2026-04-01,-1.3410779539615136,85.31666666666666,0.2554310324184652,0.18735737113963433,33,7,0.003579784750104268
2026-05-01,-1.0471452382611695,78.88333333333334,0.273534989543361,0.29490961785087033,30,7,0.17795086465741608
2026-06-01,-0.5875729608435473,71.18333333333334,0.30069903001963555,0.051585604981743895,23,6,0.17324761141630696
