ym,index_all,n_all,index_eu,n_eu,n_plants_eu
2017-01,-0.12247327317036949,45,0.2045587872931002,12,6
2017-02,-0.13272882007118897,63,0.1986333295371482,15,9
2017-03,-0.3096399531566348,74,-0.09381561768864678,18,7
2017-04,-0.27599653631333737,88,-0.114324277192188,28,11
2017-05,-0.27005314772726674,116,0.10751431832636635,31,11
2017-06,-0.2692948030616649,111,0.2659178886448221,25,11
2017-07,-0.3048702003732211,97,0.33687164440991674,17,9
2017-08,-0.05441346400703853,107,-0.04814381916183162,16,9
2017-09,-0.32755504122183504,83,-0.1696145635140398,18,9
2017-10,-0.11768477220853527,91,-0.08105752968301766,19,9
2017-11,0.09619458820787204,53,0.7601063006124339,12,7
2017-12,-0.037544519545836826,51,0.23990164247610812,13,6
2018-01,0.04857607811819212,57,0.5394068943947985,11,5
2018-02,-0.21407678175180536,67,-0.2604561936522775,19,9
2018-03,-0.06032936089792697,78,-0.27261734204062044,14,7
2018-04,-0.02058734817318571,107,0.12845024223803006,26,11
2018-05,0.21325003396259273,115,0.6776947086570616,23,10
2018-06,-0.11331746120850623,92,-0.3622571560385723,18,9
2018-07,-0.3525498677645511,111,-0.6180265623094537,31,10
2018-08,-0.1467434530095443,119,-0.68015526640022,27,11
2018-09,-0.2951077440374931,92,-0.09746071304987367,21,8
2018-10,-0.10363128252502797,109,-0.2286196224359381,22,11
2018-11,-0.1759027122166827,64,0.4155210246247197,13,9
2018-12,-0.3674575640980812,51,0.12118247858222969,9,5
2019-01,-0.14116376379584064,60,0.25600230601007967,13,8
2019-02,0.031044822135144323,83,0.3673925304890736,27,10
2019-03,-0.25572474941669604,67,0.46055079734533194,9,5
2019-04,-0.37254966666026523,85,-0.3459200568270069,18,8
2019-05,-0.03290830049873248,85,0.043119924290481254,19,8
2019-06,-0.09786760483418051,110,-0.35231032310136207,22,10
2019-07,-0.21369119118733199,104,-0.21617749475643155,25,11
2019-08,0.1243217466066025,103,0.2086268594658738,22,10
2019-09,-0.1099662972211481,84,0.11093359543171057,16,8
2019-10,-0.011987497438282594,97,0.251779469008403,22,9
2019-11,-0.06763455962159828,63,-0.26348992081703887,9,3
2019-12,0.011862962528177638,51,0.3236128482887307,7,5
2020-01,-0.12485223758935511,53,0.3632168170895336,9,5
2020-02,-0.1391202522333984,65,0.1864452038846642,17,7
2020-03,-0.1321479129824401,82,0.3764774822494634,19,9
2020-04,-0.13039029848465572,101,0.08016457368657308,21,8
2020-05,-0.3782376851693148,99,-0.3197312438316782,31,10
2020-06,0.010302953526096103,97,0.08579434464377933,23,10
2020-07,0.024795582312391495,92,0.3723095395280116,20,9
2020-08,0.01193737412825945,106,0.24082883564998417,18,8
2020-09,0.020805176610475828,110,-0.3433923264240663,20,8
2020-10,-0.11075837711735514,85,-0.586925840694275,16,6
2020-11,-0.04539666689570538,53,0.09689893378081577,11,7
2020-12,-0.1495090391735837,59,0.3548516972779287,13,6
2021-01,0.019105576933708065,49,-0.09692034452169532,5,3
2021-02,-0.04477218877084826,59,-0.10035585836704619,12,8
2021-03,-0.030490113452859454,96,0.23242332382958253,24,10
2021-04,-0.0891510683035264,77,-0.17714564156049925,17,10
2021-05,0.170833819603455,71,0.041979489805374914,13,7
2021-06,-0.1447191940163979,106,-0.14818086873721611,25,11
2021-07,0.3213716602981245,109,0.4088911917884976,22,10
2021-08,0.39326228011329417,82,0.5080589355860599,19,9
2021-09,0.15360914339819295,91,0.15561444891539308,21,8
2021-10,0.0726098581982789,86,-0.05488471248317415,19,10
2021-11,-0.00593728827144171,99,-0.25245251270229696,16,7
2021-12,0.01699056803460834,72,-0.8986346917175617,11,5
2022-01,0.10141626692067858,122,-0.0458653047762226,33,11
2022-02,0.16491868262103226,148,0.2503010926937019,34,10
2022-03,0.08449298469460716,118,0.2659931044923166,22,8
2022-04,0.27173884777995577,139,0.16585903317319411,38,10
2022-05,0.031027489705723464,202,-0.1158233471857212,47,10
2022-06,0.2339024492184289,185,0.04865482350507446,40,11
2022-07,0.0531769573670767,165,-0.49882488743747244,40,10
2022-08,-0.19479019971862077,132,-0.311549138491953,42,11
2022-09,0.07526663495892065,110,-0.15495694121675346,22,10
2022-10,0.3098401120118583,141,0.20389044165054948,34,10
2022-11,0.1414573215214254,101,0.4168421302124866,15,6
2022-12,0.24849601686348047,109,0.21323705333124696,17,6
2023-01,-0.07168011344973112,103,-0.32715093816302854,17,6
2023-02,0.1186572809685708,123,0.13583320450784175,30,10
2023-03,0.015034159304290168,98,-0.6116009214345159,16,8
2023-04,0.12923677821002874,146,0.06054202513193314,41,9
2023-05,0.1711866033227252,188,-0.25126445888871834,44,11
2023-06,-0.03803372500347615,213,-0.24469124035030065,55,11
2023-07,0.3134195932663743,193,0.13710010642869846,39,11
2023-08,0.1848652448681861,206,0.1410073246326153,43,11
2023-09,0.39024214143458424,237,0.5611484849555428,42,11
2023-10,0.06359272834560487,160,8.767922173048189e-05,30,11
2023-11,-0.12282535382947075,121,-0.31268526111819456,23,8
2023-12,0.0474022486776085,111,0.15448595730050693,18,7
2024-01,-0.02403806302717099,119,-0.3758134516402525,26,7
2024-02,-0.16754050758239056,115,-0.6466510388352874,16,8
2024-03,-0.020900444242075412,119,-0.6275635681792763,16,8
2024-04,-0.032826265047545905,137,-0.5358715329613492,21,8
2024-05,-0.030495276607024942,186,-0.022835269217512957,26,8
2024-06,0.15763544657070414,207,0.23292922387364084,40,10
2024-07,0.08343450883167358,224,0.490943811286853,52,11
2024-08,0.11048987704919383,241,0.49570210373150014,62,10
2024-09,-0.1496542981860741,197,-0.04723908217341205,33,10
2024-10,-0.17483328350987656,187,-0.09451208808915572,34,9
2024-11,-0.13749493884213201,122,-0.34912393315921403,14,8
2024-12,-0.1729893387685578,89,-0.2062859012718529,20,7
2025-01,0.050507026841091415,130,0.04658630287084313,31,9
2025-02,0.05320163743090048,121,-0.17252619057005136,24,9
2025-03,0.20321623092330546,186,0.12193097660206134,53,11
2025-04,0.16656036544433456,183,0.084748048127559,44,11
2025-05,0.048853324172464394,186,-0.1556944019873973,40,11
2025-06,0.026619472596398873,240,0.0886960563415811,53,9
2025-07,-0.04713082461059616,191,0.16901931861598574,37,9
2025-08,-0.031617848489421445,228,-0.029759600656619426,57,11
2025-09,-0.12960903924200481,185,-0.3766306857416403,31,10
2025-10,0.03640462855647568,142,0.3687002395205955,21,8
2025-11,0.2480912373048257,124,-0.11969369970390209,28,8
2025-12,0.15064990561577665,71,-0.19348906476520764,18,7
2026-01,0.07006978736799377,117,0.03219765945888958,28,10
2026-02,0.04779377112778638,118,-0.42178509706731415,19,7
2026-03,0.058513426656072356,201,-0.07716846857426024,50,11
2026-04,-0.02735989198968294,162,0.12069561036812079,51,11
2026-05,-0.037161950692119666,187,0.30110607094295294,43,11
2026-06,-0.04952975348274768,177,0.20753108577094792,33,10
2026-07,-0.11949480116667144,212,-0.2593343121631592,57,11
2026-08,-0.3405119376629367,161,-0.6131091646615703,35,11
